id,title,url,total_time,ingredients_text
,Recipes,https://www.pickuplimes.com/recipe/?sb=&public=on,5 min,
,Recipes,https://www.pickuplimes.com/recipe/,1 hr,
299,Chunky Avocado Mango Salsa,https://www.pickuplimes.com/recipe/chunky-avocado-mango-salsa-299,8 min,"1 avocado, chopped
1 mango, chopped
2 medium tomatoes, chopped
¼ cups (4g) fresh cilantro, chopped
½ small onion, minced
½ lime, juiced lemon
baked tortilla chips"
86,Avocado Hummus Toast with Miso Mushroom and Kale Sauté,https://www.pickuplimes.com/recipe/avocado-hummus-toast-with-miso-mushroom-and-kale-saut%C3%A9-86,35 min,"1 avocado
1¼ cups (205g) cooked chickpeas
2 Tbsp (30ml) tahini
1 Tbsp (15ml) olive oil
2 garlic cloves
1 lemon, juiced
1 Tbsp (15ml) olive oil
½ tsp dried chives
½ tsp dried parsley
½ tsp ground cumin
¼ tsp salt
4 small pita breads gluten-free bread vegan naans
½ Tbsp (8ml) olive oil
9.2 oz (260g) cremini mushrooms, sliced button mushrooms
2 garlic cloves, minced
3 cups (75g) kale, chopped fresh spinach
1 tsp (2.3g) onion powder
1 tsp (6g) miso paste
1 tsp (5ml) boiling water
1 bell pepper, thinly sliced
flaked sea salt
sliced green onion"
784,Avocado Toast with Chipotle Bean Spread,https://www.pickuplimes.com/recipe/avocado-toast-with-chipotle-bean-spread-784,17 min,"1½ cups (250g) cooked cannellini beans cooked chickpeas cooked butter beans
1½ Tbsp (22ml) chipotle adobo sauce, plus more to taste
1 Tbsp (2.6g) nutritional yeast flakes
1 tsp (5ml) maple syrup agave syrup
½ tsp onion powder
½ tsp garlic powder
½ tsp salt
¼ tsp ground black pepper
1 tsp (5ml) olive oil
4 slices multigrain bread gluten-free bread
1 tsp (5ml) olive oil
1 cup (165g) canned corn, drained, rinsed
1 avocado, sliced
1 stalk green onion, thinly sliced
chili flakes
toasted black sesame seeds"
80,Creamy Avocado Dip,https://www.pickuplimes.com/recipe/creamy-avocado-dip-80,5 min,"1 avocado, peeled, pitted
1 garlic clove
¼ cups (65g) unsweetened soy yogurt† vegan mayonnaise any unsweetened plant-based yogurt of choice
½ lime, juiced lemon apple cider vinegar
¼ tsp salt
1 pinch ground black pepper"
257,Mushroom & Lentil Tacos with Garlic Avocado Cream,https://www.pickuplimes.com/recipe/mushroom-lentil-tacos-with-a-creamy-avocado-sauce-257,30 min,"2 tsp (10ml) vegetable oil
1 medium onion, sliced
2 garlic cloves, crushed
12 oz (350g) button mushrooms, coarsely chopped cremini mushrooms oyster mushrooms
1½ tsp (4g) Cajun seasoning Mexican seasoning
1 tsp (2g) ground cumin
1 tsp (2.3g) paprika powder
¼ tsp cayenne pepper (optional) chili powder
¼ tsp salt
¼ tsp ground black pepper
2 cups (360g) cooked brown lentils veggie ground cooked green lentils
2 Tbsp (30ml) chipotle adobo sauce† ketchup
1 avocado
1 lime, juiced lemon
2 garlic cloves
2 Tbsp (30ml) unsweetened soy milk any unsweetened plant-based milk of choice unsweetened soy yogurt
1 tsp (2g) ground cumin
¼ tsp salt
9 small soft tortillas small corn tortillas
1 cup (70g) shredded red cabbage carrots head iceberg lettuce shredded green cabbage romaine lettuce
1 cup (150g) cherry tomatoes, quartered canned corn red bell peppers cooked black beans
4 small raw radishes, sliced (optional)
fresh cilantro
lime slice"
87,Avocado Hummus,https://www.pickuplimes.com/recipe/avocado-hummus-87,5 min,"1 avocado
1¼ cups (205g) cooked chickpeas
2 Tbsp (30ml) tahini
1 Tbsp (15ml) olive oil
2 garlic cloves
½ lemon, juiced
¼ tsp salt (optional)
toasted sesame seeds
chili flakes"
318,Cardamom Avocado & Blueberry Smoothie,https://www.pickuplimes.com/recipe/cardamom-avocado-blueberry-smoothie-318,5 min,"½ avocado
1 frozen banana
1 cup (240ml) unsweetened oat milk† any unsweetened plant-based milk of choice
½ cups (130g) unsweetened soy yogurt any unsweetened plant-based yogurt of choice
1 cup (150g) frozen blueberries†
½ cups (75g) frozen pineapple chunks
2 cardamom pods, seeds only (optional)
½ tsp pure vanilla extract
½ tsp ground cinnamon
unsweetened shredded coconut
hemp seeds"
221,Avocado Garlic Cream,https://www.pickuplimes.com/recipe/avocado-garlic-cream-221,5 min,"2 avocados
2 garlic cloves
2 tsp (10ml) sriracha sambal oelek cayenne pepper hot sauce
¼ tsp onion powder (optional)
1 lime, juiced lemon
1 pinch salt (optional)"
272,Loaded Avocado & Hummus Veggie Sandwich,https://www.pickuplimes.com/recipe/loaded-avocado-hummus-veggie-sandwich-272,10 min,"4 slices whole wheat bread, toasted gluten-free bread
½ cups (125g) hummus
1 avocado, sliced
1 cup (30g) fresh spinach arugula
¼ cucumber, sliced
1 medium tomato, sliced
5 green olives, halved black olives kalamata olives
¼ small red onion, thinly sliced (optional) fresh chives
¼ carrot, shredded (optional)
1 Tbsp (15ml) sweet chili sauce (optional) sriracha mayo"
251,Raspberry Chocolate Pudding,https://www.pickuplimes.com/recipe/raspberry-chocolate-pudding-251,5 min,"1 cup (150g) frozen raspberries†
¼ cups (60ml) water
2 avocados
6 Tbsp (40g) Dutch-processed cocoa powder
¼ cups (60ml) agave syrup, plus more to taste maple syrup
1½ Tbsp (22ml) fresh lemon juice
2 tsp (10ml) pure vanilla extract
dairy-free dark chocolate chips
unsweetened coconut flakes"
672,BBQ Cauliflower & Chickpea Tray Bake,https://www.pickuplimes.com/recipe/bbq-cauliflower-and-chickpea-tray-bake-672,50 min,"½ medium head cauliflower, cut into florets
2 cups (330g) cooked chickpeas
1 medium sweet potato, peeled, thinly sliced medium potato
1 red bell pepper, sliced
½ cups (120ml) barbecue sauce
1 tsp (2g) ground cumin
1 tsp (3.2g) garlic powder
1 tsp (1.8g) cayenne pepper
½ tsp smoked sweet paprika powder
½ cups (130g) unsweetened soy yogurt any unsweetened plant-based yogurt of choice
1 Tbsp (4.2g) ranch spice mix
¼ cups (60ml) barbecue sauce
12 small soft tortillas small corn tortillas
1 avocado, sliced
¼ medium red onion, thinly sliced stalk green onion pickled jalapeños
fresh cilantro
lime slice"
1555,Roasted Bell Pepper Pesto Sandwich,https://www.pickuplimes.com/recipe/roasted-bell-pepper-pesto-sandwich-1555,20 min,"5.8 oz (165g) firm tofu, pressed, cut ½ cm thin
1 Tbsp (8g) cornstarch
½ tsp salt
½ Tbsp (8ml) vegetable oil
4 slices multigrain bread, toasted slices gluten-free bread
¼ cups (60g) hummus
¼ cups (60g) vegan green pesto
1 cup (30g) fresh baby spinach
2 roasted red bell peppers from a jar, well drained
1 avocado, sliced
¼ lemon, juiced
1 pinch ground black pepper, to taste"
,Unknown Recipe,https://www.pickuplimes.com/recipe/latest-rss,,
